id,first name,last name,email,gender
1,Anna,Knight,aknight0@unc.edu,Female
2,Jacqueline,Berry,jberry1@wikipedia.org,Female
3,Edward,Watkins,ewatkins2@vistaprint.com,Male
4,Harold,Garcia,hgarcia3@independent.co.uk,Male
5,Evelyn,Bowman,ebowman4@rambler.ru,Female
6,Julia,Austin,jaustin5@tripadvisor.com,Female
7,Annie,Reid,areid6@scientificamerican.com,Female
8,Shirley,Harper,sharper7@barnesandnoble.com,Female
9,Ruby,Fowler,rfowler8@cbslocal.com,Female
10,Gary,Wells,gwells9@usnews.com,Male
11,Nicole,Bowman,nbowmana@shareasale.com,Female
12,Sandra,Tucker,stuckerb@theatlantic.com,Female
13,Tina,Roberts,trobertsc@bigcartel.com,Female
14,Kathryn,Moreno,kmorenod@oaic.gov.au,Female
15,Ruth,Mcdonald,rmcdonalde@discuz.net,Female
16,Beverly,Fields,bfieldsf@eventbrite.com,Female
17,Michelle,Adams,madamsg@livejournal.com,Female
18,Kevin,Lewis,klewish@mac.com,Male
19,Shirley,Spencer,sspenceri@homestead.com,Female
20,Ernest,Bennett,ebennettj@admin.ch,Male
21,Tina,Hernandez,thernandezk@umich.edu,Female
22,Carol,George,cgeorgel@java.com,Female
23,Billy,Stewart,bstewartm@nationalgeographic.com,Male
24,Margaret,Elliott,melliottn@google.co.uk,Female
25,Jesse,King,jkingo@nymag.com,Male
26,Matthew,Alvarez,malvarezp@homestead.com,Male
27,Jacqueline,Adams,jadamsq@berkeley.edu,Female
28,Paul,Simpson,psimpsonr@booking.com,Male
29,Christina,Fernandez,cfernandezs@washingtonpost.com,Female
30,Karen,George,kgeorget@quantcast.com,Female
31,Ronald,Ross,rrossu@livejournal.com,Male
32,Louise,Carpenter,lcarpenterv@1und1.de,Female
33,Sarah,Phillips,sphillipsw@ucsd.edu,Female
34,Joan,Graham,jgrahamx@engadget.com,Female
35,Lisa,Mills,lmillsy@tripod.com,Female
36,Richard,Woods,rwoodsz@ibm.com,Male
37,Laura,Little,llittle10@google.es,Female
38,Shirley,Bishop,sbishop11@hostgator.com,Female
39,Julie,Mcdonald,jmcdonald12@microsoft.com,Female
40,Jessica,Hansen,jhansen13@oaic.gov.au,Female
41,Phillip,Scott,pscott14@nytimes.com,Male
42,Willie,Collins,wcollins15@blinklist.com,Male
43,Ronald,Miller,rmiller16@hubpages.com,Male
44,Gregory,Owens,gowens17@hibu.com,Male
45,Robin,Perry,rperry18@w3.org,Female
46,Nancy,Harper,nharper19@cbslocal.com,Female
47,Walter,Moreno,wmoreno1a@amazon.com,Male
48,Cynthia,Rice,crice1b@narod.ru,Female
49,Phyllis,Hill,phill1c@icq.com,Female
50,Bonnie,Baker,bbaker1d@answers.com,Female
51,Benjamin,Burton,bburton1e@amazon.co.jp,Male
52,Shawn,Jordan,sjordan1f@blinklist.com,Male
53,Anne,Duncan,aduncan1g@xing.com,Female
54,Joan,Owens,jowens1h@comcast.net,Female
55,Aaron,Griffin,agriffin1i@vistaprint.com,Male
56,Kathleen,Arnold,karnold1j@hexun.com,Female
57,Howard,Reid,hreid1k@usda.gov,Male
58,Justin,Franklin,jfranklin1l@cnbc.com,Male
59,Jeffrey,Ferguson,jferguson1m@pinterest.com,Male
60,Tina,Boyd,tboyd1n@sfgate.com,Female
61,Amanda,Hansen,ahansen1o@harvard.edu,Female
62,Patricia,Garcia,pgarcia1p@skype.com,Female
63,Shawn,Reynolds,sreynolds1q@apache.org,Male
64,Cynthia,Butler,cbutler1r@weibo.com,Female
65,Juan,Montgomery,jmontgomery1s@slideshare.net,Male
66,Mark,Spencer,mspencer1t@springer.com,Male
67,Evelyn,Austin,eaustin1u@netlog.com,Female
68,Daniel,Williams,dwilliams1v@archive.org,Male
69,Maria,Johnston,mjohnston1w@vinaora.com,Female
70,Bobby,Burton,bburton1x@fda.gov,Male
71,Ralph,Adams,radams1y@archive.org,Male
72,Lisa,Gray,lgray1z@miitbeian.gov.cn,Female
73,Sharon,Graham,sgraham20@nature.com,Female
74,Evelyn,Patterson,epatterson21@scientificamerican.com,Female
75,Michael,Bell,mbell22@blinklist.com,Male
76,Judith,Hughes,jhughes23@usgs.gov,Female
77,Jessica,Evans,jevans24@issuu.com,Female
78,Carol,Dean,cdean25@sfgate.com,Female
79,Martin,Kelly,mkelly26@dot.gov,Male
80,John,Woods,jwoods27@uol.com.br,Male
81,Lawrence,Bradley,lbradley28@infoseek.co.jp,Male
82,Russell,Hansen,rhansen29@yelp.com,Male
83,Gary,Peterson,gpeterson2a@alexa.com,Male
84,Shawn,Jackson,sjackson2b@google.de,Male
85,Fred,Henry,fhenry2c@wsj.com,Male
86,Ruth,Garrett,rgarrett2d@woothemes.com,Female
87,Cynthia,Hudson,chudson2e@parallels.com,Female
88,Samuel,Hill,shill2f@netvibes.com,Male
89,Kelly,Burke,kburke2g@cpanel.net,Female
90,Donna,Perez,dperez2h@ucsd.edu,Female
91,Arthur,Patterson,apatterson2i@histats.com,Male
92,Diane,Carpenter,dcarpenter2j@bloglovin.com,Female
93,Ryan,Price,rprice2k@ft.com,Male
94,Wanda,Schmidt,wschmidt2l@dmoz.org,Female
95,William,Garza,wgarza2m@imdb.com,Male
96,Johnny,Richardson,jrichardson2n@google.com,Male
97,Kathy,Harvey,kharvey2o@umn.edu,Female
98,Anthony,Barnes,abarnes2p@furl.net,Male
99,Amy,Woods,awoods2q@lycos.com,Female
100,Todd,Wagner,twagner2r@usda.gov,Male
